{
  "dataset": "memsciqa",
  "items": 1,
  "metrics": {
    "accuracy": 0.0,
    "f1": 0.0,
    "bleu1": 0.0,
    "jaccard": 0.0
  },
  "latency": {
    "search": {
      "mean": 0.0,
      "p50": 0.0,
      "p95": 0.0,
      "iqr": 0.0
    },
    "llm": {
      "mean": 3025.0942707061768,
      "p50": 3025.0942707061768,
      "p95": 3025.0942707061768,
      "iqr": 0.0
    }
  },
  "avg_context_tokens": 4.0
}