{
  "dataset": "locomo",
  "sample_size": 3,
  "timestamp": "2026-01-26T15:26:43.290668",
  "params": {
    "end_user_id": "locomo_benchmark1",
    "search_type": "hybrid",
    "search_limit": 12,
    "context_char_budget": 8000,
    "llm_id": "2c9b0782-7a85-4740-ba84-4baf77f256c4",
    "embedding_id": "e2a6392d-ca63-4d59-a523-647420b59cb2"
  },
  "overall_metrics": {
    "f1": 0.3333333333333333,
    "bleu1": 0.3333333333333333,
    "jaccard": 0.3333333333333333,
    "locomo_f1": 0.3333333333333333
  },
  "by_category": {
    "Temporal": {
      "count": 2,
      "f1": 0.5,
      "bleu1": 0.5,
      "jaccard": 0.5,
      "locomo_f1": 0.5
    },
    "Open Domain": {
      "count": 1,
      "f1": 0.0,
      "bleu1": 0.0,
      "jaccard": 0.0,
      "locomo_f1": 0.0
    }
  },
  "latency": {
    "search": {
      "mean": 706.7108154296875,
      "p50": 687.1054172515869,
      "p95": 908.618974685669,
      "iqr": 216.71807765960693
    },
    "llm": {
      "mean": 2603.841861089071,
      "p50": 2421.0174083709717,
      "p95": 3309.663510322571,
      "iqr": 713.1478786468506
    }
  },
  "context_stats": {
    "avg_retrieved_docs": 4.333333333333333,
    "avg_context_chars": 385.6666666666667,
    "avg_context_tokens": 66.33333333333333
  },
  "samples": [
    {
      "question": "When did Caroline go to the LGBTQ support group?",
      "ground_truth": "7 May 2023",
      "prediction": "7 May 2023",
      "category": "Temporal",
      "metrics": {
        "f1": 1.0,
        "bleu1": 1.0,
        "jaccard": 1.0,
        "locomo_f1": 1.0
      },
      "retrieval": {
        "num_docs": 6,
        "context_length": 505
      },
      "context_tokens": 86,
      "timing": {
        "search_ms": 933.2315921783447,
        "llm_ms": 3408.4019660949707
      }
    },
    {
      "question": "When did Melanie paint a sunrise?",
      "ground_truth": "2022",
      "prediction": "Unknown",
      "category": "Temporal",
      "metrics": {
        "f1": 0.0,
        "bleu1": 0.0,
        "jaccard": 0.0,
        "locomo_f1": 0.0
      },
      "retrieval": {
        "num_docs": 3,
        "context_length": 271
      },
      "context_tokens": 45,
      "timing": {
        "search_ms": 499.79543685913086,
        "llm_ms": 2421.0174083709717
      }
    },
    {
      "question": "What fields would Caroline be likely to pursue in her educaton?",
      "ground_truth": "Psychology, counseling certification",
      "prediction": "Unknown",
      "category": "Open Domain",
      "metrics": {
        "f1": 0.0,
        "bleu1": 0.0,
        "jaccard": 0.0,
        "locomo_f1": 0.0
      },
      "retrieval": {
        "num_docs": 4,
        "context_length": 381
      },
      "context_tokens": 68,
      "timing": {
        "search_ms": 687.1054172515869,
        "llm_ms": 1982.1062088012695
      }
    }
  ]
}