{
  "dataset": "locomo",
  "sample_size": 3,
  "timestamp": "2026-01-26T14:31:48.844956",
  "params": {
    "end_user_id": "locomo_benchmark1",
    "search_type": "hybrid",
    "search_limit": 12,
    "context_char_budget": 8000,
    "llm_id": "2c9b0782-7a85-4740-ba84-4baf77f256c4",
    "embedding_id": "e2a6392d-ca63-4d59-a523-647420b59cb2"
  },
  "overall_metrics": {
    "f1": 0.3333333333333333,
    "bleu1": 0.3333333333333333,
    "jaccard": 0.3333333333333333,
    "locomo_f1": 0.3333333333333333
  },
  "by_category": {
    "Temporal": {
      "count": 2,
      "f1": 0.5,
      "bleu1": 0.5,
      "jaccard": 0.5,
      "locomo_f1": 0.5
    },
    "Open Domain": {
      "count": 1,
      "f1": 0.0,
      "bleu1": 0.0,
      "jaccard": 0.0,
      "locomo_f1": 0.0
    }
  },
  "latency": {
    "search": {
      "mean": 449.7121175130208,
      "p50": 418.9448356628418,
      "p95": 680.2703142166138,
      "iqr": 244.21072006225586
    },
    "llm": {
      "mean": 2677.556276321411,
      "p50": 2202.6877403259277,
      "p95": 3613.0181312561035,
      "iqr": 854.7309637069702
    }
  },
  "context_stats": {
    "avg_retrieved_docs": 4.333333333333333,
    "avg_context_chars": 385.6666666666667,
    "avg_context_tokens": 66.33333333333333
  },
  "samples": [
    {
      "question": "When did Caroline go to the LGBTQ support group?",
      "ground_truth": "7 May 2023",
      "prediction": "7 May 2023",
      "category": "Temporal",
      "metrics": {
        "f1": 1.0,
        "bleu1": 1.0,
        "jaccard": 1.0,
        "locomo_f1": 1.0
      },
      "retrieval": {
        "num_docs": 6,
        "context_length": 505
      },
      "context_tokens": 86,
      "timing": {
        "search_ms": 709.3064785003662,
        "llm_ms": 3769.721508026123
      }
    },
    {
      "question": "When did Melanie paint a sunrise?",
      "ground_truth": "2022",
      "prediction": "Unknown",
      "category": "Temporal",
      "metrics": {
        "f1": 0.0,
        "bleu1": 0.0,
        "jaccard": 0.0,
        "locomo_f1": 0.0
      },
      "retrieval": {
        "num_docs": 3,
        "context_length": 271
      },
      "context_tokens": 45,
      "timing": {
        "search_ms": 418.9448356628418,
        "llm_ms": 2060.2595806121826
      }
    },
    {
      "question": "What fields would Caroline be likely to pursue in her educaton?",
      "ground_truth": "Psychology, counseling certification",
      "prediction": "Unknown",
      "category": "Open Domain",
      "metrics": {
        "f1": 0.0,
        "bleu1": 0.0,
        "jaccard": 0.0,
        "locomo_f1": 0.0
      },
      "retrieval": {
        "num_docs": 4,
        "context_length": 381
      },
      "context_tokens": 68,
      "timing": {
        "search_ms": 220.8850383758545,
        "llm_ms": 2202.6877403259277
      }
    }
  ]
}